url,name,asin,image,price,isPrime,offer,customerReview,customerReviewCount
https://www.amazon.com/Deformable-Ceiling-Adjustable-12000LM-Basement/dp/B091DPJ1R3/ref=sr_1_1?keywords=garage&qid=1707642178&sr=8-1,"2 Pack LED Garage Lights, 120W Deformable LED Garage Ceiling Lights with 5 Adjustable Panels, 12000LM E26 LED Shop Lights for Garage, Basement, Barn, High Bay Light (2 Pack)",B091DPJ1R3,https://m.media-amazon.com/images/I/71wKJ8McftL._AC_UL320_.jpg,$22.99,True,10% coupon applied at checkoutSave 10% with coupon$11.50,4.7 out of 5 stars,7002
https://www.amazon.com/ZUNTO-Garage-Paper-Towel-Holder/dp/B0C6TKV9MV/ref=sr_1_2?keywords=garage&qid=1707642178&sr=8-2,"ZUNTO Garage Paper Towel Holder with Shelf - Paper Towel Holder Wall Mount, Garage Organization and Storage, Stainless Steel Paper Towel Rack with Hooks for Kitchen (Black)",B0C6TKV9MV,https://m.media-amazon.com/images/I/814vtXJmFML._AC_UL320_.jpg,$28.99,True,15% coupon applied at checkoutSave 15% with coupon$30.99,4.6 out of 5 stars,4363
https://www.amazon.com/OJYDOIIIY-Fishing-Holders-Vertical-Storage/dp/B08P4JYQZL/ref=sr_1_3?keywords=garage&qid=1707642178&sr=8-3,"Wall Mount Fishing Rod Holders,Vertical Fishing Pole Storage Rack for Garage",B08P4JYQZL,https://m.media-amazon.com/images/I/71j8S9mOqGL._AC_UL320_.jpg,$9.99,True,,4.6 out of 5 stars,139
https://www.amazon.com/sspa/click?ie=UTF8&spc=MTo0MDM3MjM5MDYzNTY1MDQxOjE3MDc2NDIxNzg6c3Bfc2VhcmNoX3RoZW1hdGljOjMwMDA0OTEwMjY2MzgwMjo6MDo6&url=%2FWORKPRO-Shelving-Industrial-Adjustable-Warehouse%2Fdp%2FB0CHVXMXDX%2Fref%3Dsxin_14_pa_sp_search_thematic_sspa%3Fcontent-id%3Damzn1.sym.9877e0e3-4e2c-4fe3-bc39-5d1afac8a97a%253Aamzn1.sym.9877e0e3-4e2c-4fe3-bc39-5d1afac8a97a%26cv_ct_cx%3Dgarage%26keywords%3Dgarage%26pd_rd_i%3DB0CHVXMXDX%26pd_rd_r%3Dc5bfa82f-7dd5-4915-ba55-e1a79d32a450%26pd_rd_w%3DP8cv0%26pd_rd_wg%3DyFVpF%26pf_rd_p%3D9877e0e3-4e2c-4fe3-bc39-5d1afac8a97a%26pf_rd_r%3DTVTR7KFVD7DCAS35F0H2%26qid%3D1707642178%26sbo%3DRZvfv%252F%252FHxDF%252BO5021pAnSA%253D%253D%26sr%3D1-1-2c727eeb-987f-452f-86bd-c2978cc9d8b9-spons%26sp_csd%3Dd2lkZ2V0TmFtZT1zcF9zZWFyY2hfdGhlbWF0aWM%26psc%3D1,"WORKPRO 3-Tier Metal Garage Shelving Unit, Heavy Duty Storage Utility Rack, 50âW x 18âD x 47âH, 5400 LBS Load Capacity, Industrial Steel Shelf with Adjustable Shelves for Shop Warehouse Basement",B0CHVXMXDX,https://m.media-amazon.com/images/I/713PfHx5oeL._AC_UL320_.jpg,$169.99,False,,4.4 out of 5 stars,382
https://www.amazon.com/sspa/click?ie=UTF8&spc=MTo0MDM3MjM5MDYzNTY1MDQxOjE3MDc2NDIxNzg6c3Bfc2VhcmNoX3RoZW1hdGljOjMwMDEzNTA3NjAzMTcwMjo6MTo6&url=%2FREIBII-Shelving-Storage-Shelves-Adjustable%2Fdp%2FB0CLTYT1TC%2Fref%3Dsxin_14_pa_sp_search_thematic_sspa%3Fcontent-id%3Damzn1.sym.9877e0e3-4e2c-4fe3-bc39-5d1afac8a97a%253Aamzn1.sym.9877e0e3-4e2c-4fe3-bc39-5d1afac8a97a%26cv_ct_cx%3Dgarage%26keywords%3Dgarage%26pd_rd_i%3DB0CLTYT1TC%26pd_rd_r%3Dc5bfa82f-7dd5-4915-ba55-e1a79d32a450%26pd_rd_w%3DP8cv0%26pd_rd_wg%3DyFVpF%26pf_rd_p%3D9877e0e3-4e2c-4fe3-bc39-5d1afac8a97a%26pf_rd_r%3DTVTR7KFVD7DCAS35F0H2%26qid%3D1707642178%26sbo%3DRZvfv%252F%252FHxDF%252BO5021pAnSA%253D%253D%26sr%3D1-2-2c727eeb-987f-452f-86bd-c2978cc9d8b9-spons%26sp_csd%3Dd2lkZ2V0TmFtZT1zcF9zZWFyY2hfdGhlbWF0aWM%26psc%3D1,"REIBII 72''H Garage Shelving Heavy Duty Garage Storage Shelves 2000LBS Heavy Duty Shelving Adjustable 5 Tier Metal Shelves for Storage Rack,Garage Shelves Utility Shelf 2PC,72"" H*35.5"" W*16"" D",B0CLTYT1TC,https://m.media-amazon.com/images/I/712zNTLMAIL._AC_UL320_.jpg,$259.85,False,5% coupon applied at checkoutSave 5% with coupon,4.5 out of 5 stars,405
https://www.amazon.com/sspa/click?ie=UTF8&spc=MTo0MDM3MjM5MDYzNTY1MDQxOjE3MDc2NDIxNzg6c3Bfc2VhcmNoX3RoZW1hdGljOjMwMDEzMzQ1NTMwMzUwMjo6Mjo6&url=%2FREIBII-Shelving-Storage-Shelves-Adjustable%2Fdp%2FB0BMLHXLCC%2Fref%3Dsxin_14_pa_sp_search_thematic_sspa%3Fcontent-id%3Damzn1.sym.9877e0e3-4e2c-4fe3-bc39-5d1afac8a97a%253Aamzn1.sym.9877e0e3-4e2c-4fe3-bc39-5d1afac8a97a%26cv_ct_cx%3Dgarage%26keywords%3Dgarage%26pd_rd_i%3DB0BMLHXLCC%26pd_rd_r%3Dc5bfa82f-7dd5-4915-ba55-e1a79d32a450%26pd_rd_w%3DP8cv0%26pd_rd_wg%3DyFVpF%26pf_rd_p%3D9877e0e3-4e2c-4fe3-bc39-5d1afac8a97a%26pf_rd_r%3DTVTR7KFVD7DCAS35F0H2%26qid%3D1707642178%26sbo%3DRZvfv%252F%252FHxDF%252BO5021pAnSA%253D%253D%26sr%3D1-3-2c727eeb-987f-452f-86bd-c2978cc9d8b9-spons%26sp_csd%3Dd2lkZ2V0TmFtZT1zcF9zZWFyY2hfdGhlbWF0aWM%26psc%3D1,"REIBII 40""W Garage Shelving Heavy Duty Storage Shelves Load 2000Lbs Adjustable Garage Shelves Heavy Duty Shelving 5-Tier Metal Shelving Unit Garage Storage Shelves Utility Shelf Racks 40""W x18""D x72""H",B0BMLHXLCC,https://m.media-amazon.com/images/I/81EdptHuTuL._AC_UL320_.jpg,$129.59,False,5% coupon applied at checkoutSave 5% with coupon$139.59,4.4 out of 5 stars,112
https://www.amazon.com/sspa/click?ie=UTF8&spc=MTo0MDM3MjM5MDYzNTY1MDQxOjE3MDc2NDIxNzg6c3Bfc2VhcmNoX3RoZW1hdGljOjMwMDAzNzE1NTkzMDUwMjo6Mzo6&url=%2FVEVOR-Garage-Rack-Adjustable-Organization%2Fdp%2FB0BVZCJFFB%2Fref%3Dsxin_14_pa_sp_search_thematic_sspa%3Fcontent-id%3Damzn1.sym.9877e0e3-4e2c-4fe3-bc39-5d1afac8a97a%253Aamzn1.sym.9877e0e3-4e2c-4fe3-bc39-5d1afac8a97a%26cv_ct_cx%3Dgarage%26keywords%3Dgarage%26pd_rd_i%3DB0BVZCJFFB%26pd_rd_r%3Dc5bfa82f-7dd5-4915-ba55-e1a79d32a450%26pd_rd_w%3DP8cv0%26pd_rd_wg%3DyFVpF%26pf_rd_p%3D9877e0e3-4e2c-4fe3-bc39-5d1afac8a97a%26pf_rd_r%3DTVTR7KFVD7DCAS35F0H2%26qid%3D1707642178%26sbo%3DRZvfv%252F%252FHxDF%252BO5021pAnSA%253D%253D%26sr%3D1-4-2c727eeb-987f-452f-86bd-c2978cc9d8b9-spons%26sp_csd%3Dd2lkZ2V0TmFtZT1zcF9zZWFyY2hfdGhlbWF0aWM%26psc%3D1,"Overhead Garage Storage Rack, 4x8 Garage Ceiling Storage Racks, Heavy Duty Adjustable Cold Rolled Steel Racks for Garage Storage, Organization, 600 lbs Load Capacity, 22''-40""",B0BVZCJFFB,https://m.media-amazon.com/images/I/61J9HvsK81L._AC_UL320_.jpg,$159.99,True,$15.00 coupon applied at checkoutSave $15.00 with coupon,4.2 out of 5 stars,107
https://www.amazon.com/sspa/click?ie=UTF8&spc=MTo0MDM3MjM5MDYzNTY1MDQxOjE3MDc2NDIxNzg6c3Bfc2VhcmNoX3RoZW1hdGljOjIwMDAxMzk2ODIwOTIxMTo6NDo6&url=%2FHORUSDY-Mounted-Storage-Organizer-Plastic%2Fdp%2FB0768DC8G6%2Fref%3Dsxin_14_pa_sp_search_thematic_sspa%3Fcontent-id%3Damzn1.sym.9877e0e3-4e2c-4fe3-bc39-5d1afac8a97a%253Aamzn1.sym.9877e0e3-4e2c-4fe3-bc39-5d1afac8a97a%26cv_ct_cx%3Dgarage%26keywords%3Dgarage%26pd_rd_i%3DB0768DC8G6%26pd_rd_r%3Dc5bfa82f-7dd5-4915-ba55-e1a79d32a450%26pd_rd_w%3DP8cv0%26pd_rd_wg%3DyFVpF%26pf_rd_p%3D9877e0e3-4e2c-4fe3-bc39-5d1afac8a97a%26pf_rd_r%3DTVTR7KFVD7DCAS35F0H2%26qid%3D1707642178%26sbo%3DRZvfv%252F%252FHxDF%252BO5021pAnSA%253D%253D%26sr%3D1-5-2c727eeb-987f-452f-86bd-c2978cc9d8b9-spons%26sp_csd%3Dd2lkZ2V0TmFtZT1zcF9zZWFyY2hfdGhlbWF0aWM%26psc%3D1,"HORUSDY Wall Mounted Storage Bins Parts Rack 30PC Organizer Garage Plastic Shop Tool for Men's Gift, Blue,Orange,Red",B0768DC8G6,https://m.media-amazon.com/images/I/61xjX91hqLL._AC_UL320_.jpg,$29.99,True,Join Prime to buy this item at $26.99,4.5 out of 5 stars,3163
https://www.amazon.com/Digital-Control-Temperature-Adjustable-Brightness/dp/B0C2KNLZ67/ref=sr_1_4?keywords=garage&qid=1707642178&sr=8-4,"Large Digital Wall Clock with Remote Control 17.2"" LED Large Display Timer with Temperature Date Week Auto DST Adjustable Brightness, Big Wall Alarm Clock for Living Room Office Garage Gym Seniors",B0C2KNLZ67,https://m.media-amazon.com/images/I/617aMFmFIsL._AC_UL320_.jpg,$36.96,True,20% coupon applied at checkoutSave 20% with coupon$45.96,4.7 out of 5 stars,156
https://www.amazon.com/Smart-Garage-Opener-Chamberlain-myQ-G0401/dp/B08GD3D9YJ/ref=sr_1_5?keywords=garage&qid=1707642178&sr=8-5,"CHAMBERLAIN Smart Garage Control - Wireless Garage Hub and Sensor with Wifi & Bluetooth - Smartphone Controlled, myQ-G0401-ES, White",B08GD3D9YJ,https://m.media-amazon.com/images/I/51U402oH80L._AC_UL320_.jpg,$24.98,True,List:$29.98,4.3 out of 5 stars,97410
https://www.amazon.com/DEWENWILS-Retractable-Extension-Ceiling-Electrical/dp/B085VSQL68/ref=sr_1_6?keywords=garage&qid=1707642178&sr=8-6,"DEWENWILS 30 Ft Retractable Extension Cord Reel, Ceiling or Wall Mount 16/3 Gauge SJTW Power Cord with 3 Electrical Outlets Pigtail for Garage and Shop, 10 Amp Circuit Breaker, Metal Plate, UL Listed",B085VSQL68,https://m.media-amazon.com/images/I/614Zoj+6TWL._AC_UL320_.jpg,$41.30,True,List:$47.99,4.7 out of 5 stars,3780
https://www.amazon.com/Organizer-Adjustable-Organizers-Storage-Hangers/dp/B09T9LGVWG/ref=sr_1_7?keywords=garage&qid=1707642178&sr=8-7,68'' All Metal Garden Tool Organizer Adjustable Garage Tool Organizer Wall Mount Garage Organizers and Storage with Hooks Tool Hangers for Garage,B09T9LGVWG,https://m.media-amazon.com/images/I/71I43CzigkL._AC_UL320_.jpg,$35.99,True,15% coupon applied at checkoutSave 15% with coupon$42.99,4.5 out of 5 stars,1301
https://www.amazon.com/SWANLAKE-Mounted-Storage-Plastic-Organizers/dp/B092V58Z4P/ref=sr_1_8?keywords=garage&qid=1707642178&sr=8-8,"SWANLAKE 30PCS Wall Mounted Storage Bins, Plastic Garage Rack,Screw Storage,Tool Organizers.",B092V58Z4P,https://m.media-amazon.com/images/I/71ARdxrqOpS._AC_UL320_.jpg,$28.99,True,Join Prime to buy this item at $26.09$0.97,4.5 out of 5 stars,384
https://www.amazon.com/LINLA-Absorbent-Contains-Reusable-Washable/dp/B082W587JX/ref=sr_1_9?keywords=garage&qid=1707642178&sr=8-9,"LINLA Premium Absorbent Oil Mat Contains Liquid Garage Floor Mat 8.5'x 6.6', Reusable, Washable, Protects Floor, Driveway Surface, Shop,Parking",B082W587JX,https://m.media-amazon.com/images/I/71JGDvmeSGL._AC_UL320_.jpg,4 sizes,True,$7.00 coupon applied at checkoutSave $7.00 with coupon$75.99,4.1 out of 5 stars,1155
https://www.amazon.com/Interlocking-Soft-Foam-Floor-Mats/dp/B019DZDM3O/ref=sr_1_10?keywords=garage&qid=1707642178&sr=8-10,"Gym Flooring Set - Interlocking EVA Soft Foam Floor Mat, 18 Pieces Puzzle Rubber Tiles Protective Ground Surface Protection, Play Workout Exercise Mats Underlay Matting Sports Pool Home Fitness Garage",B019DZDM3O,https://m.media-amazon.com/images/I/91vpzKFbHUL._AC_UL320_.jpg,$38.99,True,List:$49.99,4.3 out of 5 stars,16831
https://www.amazon.com/Magnetic-16x7FT-Reinforced-Fiberglass-Curtain/dp/B07TZGQYY2/ref=sr_1_11?keywords=garage&qid=1707642178&sr=8-11,"Reinforced Fiberglass Garage Door Screen - Magnetic, Hands Free 16x7FT Screen for 2 Car Garage",B07TZGQYY2,https://m.media-amazon.com/images/I/71lFlgW9orL._AC_UL320_.jpg,18 sizes,True,$10.00 coupon applied at checkoutSave $10.00 with coupon$79.99,4.4 out of 5 stars,5611
https://www.amazon.com/VELCRO-Brand-Extension-Organizer-Organization/dp/B09VMJM5RD/ref=sr_1_12?keywords=garage&qid=1707642178&sr=8-12,"VELCRO Brand Easy Hang Extension Cord Holder Organizer Variety Pack | Holds 60-100lbs, Heavy Duty Straps Fit Easily on Hooks or Nails | Perfect for Garage Organization | 3-pk 10"",14"" and 18"", Black",B09VMJM5RD,https://m.media-amazon.com/images/I/81fTUF+mz0L._AC_UL320_.jpg,$10.98,True,10% coupon applied at checkoutSave 10% with coupon,4.8 out of 5 stars,527
https://www.amazon.com/KAFAHOM-Organizer-8-Storage-Organizer-Screwdriver/dp/B0BCQ19GSY/ref=sr_1_13?keywords=garage&qid=1707642178&sr=8-13,"Power Tool Organizer-8 Drill Holder Wall Mount,4 Layer Heavy Duty Metal Power Tool Storage Rack,Garage Tool Organizer and Storage with Screwdriver Holder/Plier Holder/Hammer Holder",B0BCQ19GSY,https://m.media-amazon.com/images/I/81btvrNAbfL._AC_UL320_.jpg,$69.99,True,$10.00 coupon applied at checkoutSave $10.00 with coupon$99.99,4.5 out of 5 stars,629
https://www.amazon.com/Organizer-Storage-Suitable-Workshop-Cordless/dp/B0BGLJ8S69/ref=sr_1_14?keywords=garage&qid=1707642178&sr=8-14,"Power Tool Organizer Wall Mount, Heavy Duty Drill Holder, Garage Tool Organizer and Storage, Suitable Tool Rack for Tool Room, Workshop, Garage, Utility Storage Rack for Cordless Drill",B0BGLJ8S69,https://m.media-amazon.com/images/I/811wGpjeUcL._AC_UL320_.jpg,$35.99,True,10% coupon applied at checkoutSave 10% with coupon$69.99,4.6 out of 5 stars,630
https://www.amazon.com/Bedroom-Accessories-Husband-Boyfriend-15-7x11-8in/dp/B0BK972XV2/ref=sr_1_15?keywords=garage&qid=1707642178&sr=8-15,"Check Engine Light Neon Signs for Wall Decor, LED Garage Neon Signs Wall Art Gifts for Dad, USB Powered for Man Cave Auto Repair Shop Workshop Party Birthday Gift(15.7x11.8in)",B0BK972XV2,https://m.media-amazon.com/images/I/81fWBioi8kL._AC_UL320_.jpg,$36.99,True,8% coupon applied at checkoutSave 8% with coupon$49.99,4.6 out of 5 stars,222
https://www.amazon.com/Ladder-hooks-garage%EF%BC%8CGarage-Storage-Organizer/dp/B09B9MT84P/ref=sr_1_16?keywords=garage&qid=1707642178&sr=8-16,"Ladder hooks for garage storage,Ladder hanger Garage organization- Wall Mount Wheelbarrow hanger, Patio Furniture, Chair & Ladder - garage wall storage 1 Pack (1 PACK)",B09B9MT84P,https://m.media-amazon.com/images/I/51krThFtJRL._AC_UL320_.jpg,$11.45,True,,4.6 out of 5 stars,333
https://www.amazon.com/SWANLAKE-Magnetic-Holder-Magnet-Organization/dp/B0BWGX5YXR/ref=sr_1_17?keywords=garage&qid=1707642178&sr=8-17,"SWANLAKE 12"" Magnetic Tool Holder Strip,Metal Tool Magnet Bar for Garage Organization(4PCS)",B0BWGX5YXR,https://m.media-amazon.com/images/I/61mSKlGF3vL._AC_UL320_.jpg,$19.99,True,Join Prime to buy this item at $17.99,4.4 out of 5 stars,261
https://www.amazon.com/CCCEI-Storage-Charging-Station-Organizer/dp/B0CJ8T666H/ref=sr_1_18?keywords=garage&qid=1707642178&sr=8-18,"CCCEI Garage Tools Storage with Charging Station. Power Tool Battery Organizer Utility Shelf with Power Strip. 4 Drills Holder Wall Mount Rack, Black.",B0CJ8T666H,https://m.media-amazon.com/images/I/71ZcvXnU8KL._AC_UL320_.jpg,$42.99,True,30% coupon applied at checkoutSave 30% with coupon,4.7 out of 5 stars,49
https://www.amazon.com/Universal-Threshold-Stripping-Replacement-Waterproof/dp/B0832QXJVJ/ref=sr_1_19?keywords=garage&qid=1707642178&sr=8-19,"Universal Garage Door Threshold Seal Strip, Bottom Weather Stripping Replacement Rubber Waterproof 20 FT Length",B0832QXJVJ,https://m.media-amazon.com/images/I/71Z9h3rhWOL._AC_UL320_.jpg,$37.99,True,5% coupon applied at checkoutSave 5% with coupon$1.90,4.6 out of 5 stars,6166
https://www.amazon.com/Reliahom-Organization-Storage-Kitchen-Organizer/dp/B098P5H49H/ref=sr_1_20?keywords=garage&qid=1707642178&sr=8-20,"Broom Holder Mop Hanger Wall Mount Metal Organization Garage Storage System Garden Kitchen Tool Organizer (4 Racks with 5 Hooks, Black)",B098P5H49H,https://m.media-amazon.com/images/I/71pivpKNaML._AC_UL320_.jpg,$9.99,True,List:$16.99,4.7 out of 5 stars,8933
https://www.amazon.com/Ultrawall-Organizer-Lumber-Storage-3-Level/dp/B0B6V9TDHP/ref=sr_1_21?keywords=garage&qid=1707642178&sr=8-21,"Ultrawall Wall Mount Wood Organizer and Lumber Storage Metal Rack with 3-Level - Indoor & Outdoor Use, 4 Pack",B0B6V9TDHP,https://m.media-amazon.com/images/I/511IV1jHEsL._AC_UL320_.jpg,$44.23,True,List:$22.12,4.6 out of 5 stars,919
https://www.amazon.com/Extension-Organizer-Assorted-Organization-Triangle/dp/B08NZQ9942/ref=sr_1_22?keywords=garage&qid=1707642178&sr=8-22,"Extension Cord Organizer(8 Pack), Extension Cord Holder for Garage Organization and Storage, Heavy Duty Storage Straps for Cables, Hoses and Ropes, with Triangle Buckle for Hanging, Design Patent",B08NZQ9942,https://m.media-amazon.com/images/I/71UIZp5xnVL._AC_UL320_.jpg,$13.99,True,List:$1.75,4.7 out of 5 stars,1536
https://www.amazon.com/CCCEI-Organizer-Charging-Station-Screwdriver/dp/B0BMFW2WG5/ref=sr_1_23?keywords=garage&qid=1707642178&sr=8-23,"CCCEI Modular Power Tool Organizer Wall Mount with Charging Station. Garage 4 Drill Storage Shelf with Hooks, Screwdriver, Drill Bit Heavy Duty Rack, Tool Battery Holder Built in 8 Outlet Power Strip.",B0BMFW2WG5,https://m.media-amazon.com/images/I/71vQmJrlq2L._AC_UL320_.jpg,$59.49,True,30% coupon applied at checkoutSave 30% with coupon$76.99,4.7 out of 5 stars,652
https://www.amazon.com/Garage-Storage-Organization-System-Hanger/dp/B07W14255M/ref=sr_1_24?keywords=garage&qid=1707642178&sr=8-24,"Wallmaster Garage Storage Organization Wall Mount, Garden Tool Rack Organizer Heavy Duty Folding Chair Hangers with 6 Adjustable Hooks 48inch Tracks Max Load 265lb",B07W14255M,https://m.media-amazon.com/images/I/71MseavE4MS._AC_UL320_.jpg,$49.99,True,$10.00 coupon applied at checkoutSave $10.00 with coupon,4.7 out of 5 stars,1779
https://www.amazon.com/EP-Retractable-Extension-Grounded-Outlet/dp/B089GH5TMN/ref=sr_1_25?keywords=garage&qid=1707642178&sr=8-25,"EP 30 Ft Retractable Extension Cord Reel, 16/3 SJTW Power Cord with 3 Electrical Outlets, Ceiling or Wall Mount, 10 Amp Circuit Breaker, Metal Plate, UL Listed, Red",B089GH5TMN,https://m.media-amazon.com/images/I/61gnMZLdOHL._AC_UL320_.jpg,$39.99,True,,4.7 out of 5 stars,512
https://www.amazon.com/Dreo-Electric-Oscillation-Adjustable-Thermostat/dp/B0CBBR4TLX/ref=sr_1_26?keywords=garage&qid=1707642178&sr=8-26,"Dreo Smart Wall Heater, Electric Space Heater for Bedroom 1500W, 120Â° Vertical Oscillation, Adjustable Thermostat, Remote Control, 24H Timer, Easy-Mount Heater for Indoor Use, Works with Alexa, WH719S",B0CBBR4TLX,https://m.media-amazon.com/images/I/71CsSQNfLOL._AC_UL320_.jpg,$129.99,True,,4.4 out of 5 stars,577
https://www.amazon.com/Hreasky-Indoor-Doormat-Front-Door/dp/B0BNBMWV4C/ref=sr_1_27?keywords=garage&qid=1707642178&sr=8-27,"Silicone Indoor Door Mat - Quick Dry, Strong Suction& Machine Washable Floor Mat, Low Profile for Home Entrance, Garage, Patio, 17""x 30"" (Black)",B0BNBMWV4C,https://m.media-amazon.com/images/I/91LhABLHxBL._AC_UL320_.jpg,3 sizes,True,,4.4 out of 5 stars,335
https://www.amazon.com/Stripping-Replacement-Universal-Weatherproof-Threshold/dp/B07TB3W48P/ref=sr_1_28?keywords=garage&qid=1707642178&sr=8-28,"DGSL Garage Door Seals Bottom Rubber Weather Stripping Kit Seal Strip Replacement,Universal Weatherproof Threshold Buffering Sealing Rubber 5/16 Inch T Ends, 3 3/4 Inch Width (20 Ft, Black)",B07TB3W48P,https://m.media-amazon.com/images/I/61VzQ3YaFuL._AC_UL320_.jpg,$29.59,True,Typical:$1.48,4.3 out of 5 stars,9525
https://www.amazon.com/Dorisy-Upgraded-Utility-Holders-Organization/dp/B08KT5RSG3/ref=sr_1_29?keywords=garage&qid=1707642178&sr=8-29,"Upgraded 16 Packs Garage Hooks Utility Double Heavy Duty with Mop Broom Holders, Wall Mount Hooks, Garage Storage Organization and Tool Hangers for Power ï¼ Garden Tools, Ladders, Bikes(Orange)",B08KT5RSG3,https://m.media-amazon.com/images/I/8115x2BvKkL._AC_UL320_.jpg,$25.99,True,$2.00 coupon applied at checkoutSave $2.00 with coupon$39.99,4.7 out of 5 stars,1915
https://www.amazon.com/Hooks-Extension-Heavy-Duty-Organizer/dp/B07TQKYXPC/ref=sr_1_30?keywords=garage&qid=1707642178&sr=8-30,"Garage Hooks, 12 Pack Wall Storage Hooks with 2 Extension Cord Storage Straps, Heavy Duty Tool Hangers for Utility Organizer, Wall Mount Holders for Garden Lawn Tools, Ladders, Bike (Orange)",B07TQKYXPC,https://m.media-amazon.com/images/I/7185OXfHa3L._AC_UL320_.jpg,$20.96,True,List:$41.35,4.7 out of 5 stars,2607
https://www.amazon.com/FLEXIMOUNTS-Overhead-Adjustable-Dropdown-Two-Color/dp/B0194R5BSA/ref=sr_1_31?keywords=garage&qid=1707642178&sr=8-31,"FLEXIMOUNTS 4x8 Overhead Garage Storage Rack, Adjustable Garage Storage Organization Systerm, Heavy Duty Metal Garage Ceiling Storage Racks, 600lbs Weight Capacity, Black",B0194R5BSA,https://m.media-amazon.com/images/I/61TOkI4j4GL._AC_UL320_.jpg,$189.99,True,Join Prime to buy this item at $137.99$229.99,4.7 out of 5 stars,10887
https://www.amazon.com/Elytsemoh-Garage-16x7FT-Fiberglass-Durable-Magnetic/dp/B0BVBBR1JY/ref=sr_1_32?keywords=garage&qid=1707642178&sr=8-32,"Garage Screen Doors for 2 Car Garage-16x7FT Fiberglass 2300g/5.1lb Durable Heavy Duty Magnetic Garage Door Screen Hands Free with 6 Roll Up Starps for Patio, Outdoor, Gym, Crafts Sun House",B0BVBBR1JY,https://m.media-amazon.com/images/I/81QfjVWrJ7L._AC_UL320_.jpg,13 sizes,True,Join Prime to buy this item at $27.05,4.6 out of 5 stars,318
https://www.amazon.com/PLUSINNO-Vertical-Fishing-Mounted-Diameter/dp/B09P176CP2/ref=sr_1_33?keywords=garage&qid=1707642178&sr=8-33,"PLUSINNO Vertical Fishing Rod Holder, Wall Mounted Fishing Rod Rack, Fishing Pole Holder Holds Up to 9 Rods or Combos, Fishing Rod Holders for Garage, Fits Most Rods of Diameter 3-19mm",B09P176CP2,https://m.media-amazon.com/images/I/81JGl5INIeL._AC_UL320_.jpg,$19.99,True,25% coupon applied at checkoutSave 25% with coupon$29.99,4.7 out of 5 stars,3140
https://www.amazon.com/LZHOME-Hexagon-LED-Garage-Light/dp/B0B9Y5TFYV/ref=sr_1_34?keywords=garage&qid=1707642178&sr=8-34,"Hexagon LED Garage Light: 25 Pack Updated Bigger Size, 26400LM 240W Super Bright Car Detailing Ceiling LED Shop Light for Warehouse Workshop Gym Basement Car Care Wash Room",B0B9Y5TFYV,https://m.media-amazon.com/images/I/61AswcrPYYL._AC_UL320_.jpg,4 sizes,True,Join Prime to buy this item at $138.29$269.99,4.8 out of 5 stars,251
https://www.amazon.com/%E3%80%90%F0%9D%9F%AF%F0%9D%9F%AE%F0%9D%97%A3%F0%9D%97%B0%F0%9D%98%80%E3%80%91-Organizer-Organizers-Accessories-Workbench/dp/B09Y21Q9W6/ref=sr_1_35?keywords=garage&qid=1707642178&sr=8-35,"ãð¯ð®ð£ðð¦ãA-LUGEI Tool Box Organizer Tray Divider Set, Desk Drawer Organizer, Garage Organization and Storage Toolbox Accessories for Rolling Tool Chest Cart Cabinet Work Bench Small Parts Hardware",B09Y21Q9W6,https://m.media-amazon.com/images/I/81AkJPyQZRL._AC_UL320_.jpg,$16.99,True,,4.6 out of 5 stars,1907
https://www.amazon.com/REIBII-Shelving-Adjustable-Warehouse-Basement/dp/B0CC9NKR24/ref=sr_1_36?keywords=garage&qid=1707642178&sr=8-36,"REIBII 72"" H Garage Shelving Heavy Duty Storage Shelves 2000LBS Adjustable 5 Tier Metal Storage Shelving for Garage Storage Shelving Unit for Warehouse Pantry Basement, 72""H x 35.5""W x 15.8""D Black",B0CC9NKR24,https://m.media-amazon.com/images/I/71BlZGfA0qL._AC_UL320_.jpg,$69.98,False,10% coupon applied at checkoutSave 10% with coupon$79.98,3.3 out of 5 stars,274
https://www.amazon.com/COZY-Garage-Hooks-Organization-Orange/dp/B0CB3CL6ZW/ref=sr_1_37?keywords=garage&qid=1707642178&sr=8-37,"16 Pack Garage Hooks Heavy Duty, Garage Organization for Tools, Wall Mount Garage Storage Hooks with 2 Extension Cord Straps, Shed Hooks for Bikes, Ladders, Ropes (Orange)",B0CB3CL6ZW,https://m.media-amazon.com/images/I/716yzjF-pbL._AC_UL320_.jpg,$19.99,True,($1.25$1.25/Count)$1.25,4.9 out of 5 stars,22
https://www.amazon.com/Vintage-Waterproof-Printed-Resistant-Posters/dp/B0BPMNMKFX/ref=sr_1_38?keywords=garage&qid=1707642178&sr=8-38,"Vintage Garage Signs Room Decor 5PCS, PVC Made Waterproof Garage Decor Signs for Men, Duplex Printed Retro Wall Decor, Fade & Bend Resistant Old Car Shop Posters Oil and Gas Station Signs",B0BPMNMKFX,https://m.media-amazon.com/images/I/81lqYmovv2L._AC_UL320_.jpg,$14.99,True,,4.6 out of 5 stars,189
https://www.amazon.com/Warmodern-Organizer-Organizers-Storage-Workshop/dp/B0BKGF4DF5/ref=sr_1_39?keywords=garage&qid=1707642178&sr=8-39,"Warmodern 2Pack Power Tool Organizer, Wall Mount Garage Tool Organizers and Storage, 3 Layers Heavy Duty Drill Holder for Garage, Workshop,Christmas Gift for Men",B0BKGF4DF5,https://m.media-amazon.com/images/I/81e+y5wVC7L._AC_UL320_.jpg,$35.99,True,$5.00 coupon applied at checkoutSave $5.00 with coupon$52.99,4.5 out of 5 stars,205
https://www.amazon.com/TEMPWARE-7500-Watt-Fan-Forced-Full-Function-Hardwired/dp/B0B6Z1WRL8/ref=sr_1_40?keywords=garage&qid=1707642178&sr=8-40,"Electric Garage Heater, 7500-Watt Digital Fan-Forced Ceiling Mount Shop Heater with Full-Function Remote, 240-Volt Hardwired Heater with 12-Hour Timer, Ideal for Workshop",B0B6Z1WRL8,https://m.media-amazon.com/images/I/61EhrgFPudL._AC_UL320_.jpg,$179.99,True,List:$239.99,4.4 out of 5 stars,930
https://www.amazon.com/Yizosh-Storage-Cabinet-Adjustable-Shelves/dp/B0B3MB5F56/ref=sr_1_41?keywords=garage&qid=1707642178&sr=8-41,"Yizosh Metal Garage Storage Cabinet with 2 Doors and 5 Adjustable Shelves - 71"" Steel Lockable File Cabinet,Locking Tool Cabinets for Office,Home,Garage,Gym,School (Black)",B0B3MB5F56,https://m.media-amazon.com/images/I/61xvQ2QznHL._AC_UL320_.jpg,8 sizes,False,$10.00 coupon applied at checkoutSave $10.00 with coupon$159.99,4.5 out of 5 stars,2018
https://www.amazon.com/Storage-Hangers-Utility-Anti-slip-Coating/dp/B07XMDG83W/ref=sr_1_42?keywords=garage&qid=1707642178&sr=8-42,"REMIAWY Garage Hooks, Heavy Duty Garage Storage Hooks Steel Tool Hangers for Garage Wall Mount Utility Hooks and Hangers with Anti-Slip Coating for Garden Tools, Ladders, Bikes, Bulky Items 12 Pack",B07XMDG83W,https://m.media-amazon.com/images/I/71KSMqkPLAL._AC_UL320_.jpg,$24.99,True,10% coupon applied at checkoutSave 10% with coupon,4.7 out of 5 stars,4949
https://www.amazon.com/Aokeyee-Garage-Tool-Organizer-Mount/dp/B0C73VC7QR/ref=sr_1_43?keywords=garage&qid=1707642178&sr=8-43,"Garage Tool Organizer Wall Mount - Garden Tool Rack Organizer,Sturdy Garage Storage for Yard Tools,Shovels,Trimmers,Hoses,Industrial Steel Holds 500 Pounds",B0C73VC7QR,https://m.media-amazon.com/images/I/91cH5sdjpYL._AC_UL320_.jpg,$37.99,True,10% coupon applied at checkoutSave 10% with coupon,4.6 out of 5 stars,80
https://www.amazon.com/Luyata-16000LM-Adjustable-Workshop-Basement/dp/B083HY4KKG/ref=sr_1_44?keywords=garage&qid=1707642178&sr=8-44,"LED Garage Lights 2 Pack,Ceiling LED Shop Light 160W 16000LM 6500K Screw in Led Light with 5+1 Deformable Panels, Bright Led Lighting for Garage Workshop Basement Support E26/E27 Socket",B083HY4KKG,https://m.media-amazon.com/images/I/71ZDjqsNS+L._AC_UL320_.jpg,$25.99,True,5% coupon applied at checkoutSave 5% with coupon$13.00,4.7 out of 5 stars,5440
https://www.amazon.com/Sageme-Hanger-Holder-Expandable-Flexable/dp/B08949LCL2/ref=sr_1_45?keywords=garage&qid=1707642178&sr=8-45,"Hose Holder- Heavy Duty Metal Hanger Wall Mount, Hook for Garden Hose/ Expandable/ Hose Reel / Water / Pocket / Flexable / Magic Hose (Black)",B08949LCL2,https://m.media-amazon.com/images/I/61rZSgr4muS._AC_UL320_.jpg,$9.99,True,5% coupon applied at checkoutSave 5% with coupon,4.6 out of 5 stars,2363
https://www.amazon.com/Fosmon-Activated-Adjustable-Assistant-Automotive/dp/B07PTDBYS5/ref=sr_1_46?keywords=garage&qid=1707642178&sr=8-46,"Fosmon, Wider Angle Upgrade, Dual Laser Garage Parking Assist Guide System, 360-degree Adjustable Parking Sensor with AC Adapter and Battery Backup for Car/Automotive",B07PTDBYS5,https://m.media-amazon.com/images/I/61Ry2VV4TIL._AC_UL320_.jpg,$21.99,True,,4.2 out of 5 stars,2325
https://www.amazon.com/1003-Kayak-Hoist-RAD-Sportz/dp/B001EUL2DO/ref=sr_1_47?keywords=garage&qid=1707642178&sr=8-47,"Kayak Storage Hoist - Overhead Pulley System with 125lb Capacity for Canoes, Bikes, Ladders, and More - For up to 12-Foot Ceilings by Rad Sportz",B001EUL2DO,https://m.media-amazon.com/images/I/71L161wCoBL._AC_UL320_.jpg,$21.31,True,Typical:$24.00,4.4 out of 5 stars,9422
https://www.amazon.com/KastKing-Patented-Vertical-Fishing-Holder/dp/B08137L1Y2/ref=sr_1_48?keywords=garage&qid=1707642178&sr=8-48,"KastKing Patented V15 Vertical Fishing Rod Holder â Wall Mounted Fishing Rod Rack, Store 15 Rods or Fishing Rod Combos in 17.25 Inches, Great Fishing Pole Holder and Rack",B08137L1Y2,https://m.media-amazon.com/images/I/71O6gv0QT7L._AC_UL320_.jpg,$19.99,True,35% coupon applied at checkoutSave 35% with coupon (some sizes/colors),4.5 out of 5 stars,10264
